<?xml version="1.0" encoding="utf-8" ?>
<Defs>

<CultureDef>
	<defName>XR_Elvish</defName>
	<label>elvish</label>
	<description>Elvish culture is characterized by a deep reverence for cosmic harmony and an eternal quest for spiritual enlightenment amidst the boundless expanse of the stars.</description>
	<iconPath>UI/Culture/Elf_Culture</iconPath>
	<pawnNameMaker>XR_NamerPersonElf</pawnNameMaker>
	<pawnNameMakerFemale>XR_NamerPersonElfFemale</pawnNameMakerFemale>
	<ideoNameMaker MayRequire="Ludeon.RimWorld.Ideology">NamerIdeoAstropolitan</ideoNameMaker>
	<deityNameMaker MayRequire="Ludeon.RimWorld.Ideology">NamerDeityAstropolitan</deityNameMaker>
	<deityTypeMaker MayRequire="Ludeon.RimWorld.Ideology">DeityTypeMakerAstropolitan</deityTypeMaker>
	<festivalNameMaker MayRequire="Ludeon.RimWorld.Ideology">NamerFestivalAstropolitan</festivalNameMaker>
	<leaderTitleMaker MayRequire="Ludeon.RimWorld.Ideology">XR_LeaderTitleMaker_Elf</leaderTitleMaker>
	<allowedPlaceTags>
		<li>OriginSpacer</li>
	</allowedPlaceTags>
	<thingStyleCategories>
		<li MayRequire="Ludeon.RimWorld.Ideology">
		<category>Animalist</category>
        <priority>2</priority>
		</li>
    </thingStyleCategories>

	<styleItemTags>
		<li>
        <tag>NoBeard</tag>
        <baseWeight>1</baseWeight>
        <weightFactor>1</weightFactor>
		</li>
		<li>
        <tag>TattooFaceTribal</tag>
        <baseWeight>1</baseWeight>
        <weightFactor>1</weightFactor>
		</li>
		<li>
        <tag>TattooBodyTribal</tag>
        <baseWeight>2</baseWeight>
        <weightFactor>1</weightFactor>
		</li>
	</styleItemTags>
</CultureDef>

</Defs>
