<?xml version="1.0" encoding="utf-8" ?>
<Defs>

<!-- High Elves -->
<FactionDef ParentName="OutlanderFactionBase">
	<defName>highelves</defName>
	<label>Divine union</label>
	<description>A clandestinine union of intelligent astrologers and engineers. They seek to unravel the mysteries of their arcotech origins and understand their place in the universe. Their technocratic society values knowledge as divine, but despite their insatatable thirst for it, they still manage to retain a deep respect for nature and the cosmos as a whole. They view the universe as a living, interconnected entity, and seek to understand and harmonize with it's divine will. While not directly hostile to other races and cultures, they are reluctant to share their knowledge and technology with outsiders. Those who are able to earn their trust are rewarded with access to their arcotech wonders and knowledge of the secrets of the universe. However, anyone who chooses to oppose them can expect swift and devastating retaliation.</description>
	<factionIconPath>UI/World/highelves</factionIconPath>
	<pawnSingular>citizen</pawnSingular>
    <pawnsPlural>citizens</pawnsPlural>
	<techLevel>Ultra</techLevel>
	<colorSpectrum>
		<li>(0.1, 0.92, 0.72)</li>
		<li>(0.09, 0.9, 0.70)</li>
	</colorSpectrum>
	<allowedCultures>
		<li>XR_Elvish</li>
	</allowedCultures>
	<factionNameMaker>NamerFactionTribal</factionNameMaker>
    <settlementNameMaker>XR_NamerSettlementElfCity</settlementNameMaker>
	<requiredMemes>
		<li MayRequire="Ludeon.RimWorld.Ideology">Transhumanist</li>
    </requiredMemes>
	<maxConfigurableAtWorldCreation>9999</maxConfigurableAtWorldCreation>
    <configurationListOrderPriority>21</configurationListOrderPriority>
	<xenotypeSet Inherit="False">
		<xenotypeChances>
		<XR_Elf>1</XR_Elf>
		</xenotypeChances>
	</xenotypeSet>
</FactionDef>

<!-- Wood Elves -->
<FactionDef ParentName="TribeBase">
    <defName>woodelves</defName>
    <label>Apostate tribe</label>
    <description>These blessed have chosen to reject the pursuit of knowledge in favor of a simpler, more harmonious way of life. Their rejection of advanced technology is not due to a lack of understanding or ability, but rather a conscious decision to avoid disrupting the natural order. Their decision to live among the trees is rooted in their belief that technology can be a double-edged sword, capable of both great good and great harm, and that the natural world should be respected and preserved. They have developed a deep bond with the forest, viewing themselves as it's caretakers. Anyone who would dare to disrupt the delicate balance they have choosen to protect should expect to be met with vengeance both swift and fierce.</description>
	<factionIconPath>UI/World/woodelves</factionIconPath>
	<pawnSingular>apostle</pawnSingular>
    <pawnsPlural>apostles</pawnsPlural>
	<techLevel>Medieval</techLevel>
    <colorSpectrum>
      <li>(0.08, 0.8, 0.08)</li>
      <li>(0.68, 0.8, 0.08)</li>
    </colorSpectrum>
	<allowedCultures>
		<li>XR_Elvish</li>
	</allowedCultures>
	<factionNameMaker>NamerFactionTribal</factionNameMaker>
	<settlementNameMaker>XR_NamerSettlementElfTown</settlementNameMaker>
	<requiredMemes>
		<li MayRequire="Ludeon.RimWorld.Ideology">NaturePrimacy</li>
    </requiredMemes>
    <maxConfigurableAtWorldCreation>9999</maxConfigurableAtWorldCreation>
    <configurationListOrderPriority>32</configurationListOrderPriority>
    <xenotypeSet Inherit="False">
		<xenotypeChances>
        <XR_Elf>1</XR_Elf>
		</xenotypeChances>
	</xenotypeSet>
</FactionDef>

</Defs>