<?xml version="1.0" encoding="utf-8" ?>
<Defs>

<!-- Town Names -->
<RulePackDef>
	<defName>XR_NamerSettlementElfTown</defName>
	<rulePack>
		<rulesStrings>
			<li>r_name->[ElfTownName]</li>
		</rulesStrings>
		<rulesFiles>
			<li>ElfTownName->Names/Elf_Towns</li>
		</rulesFiles>
	</rulePack>
</RulePackDef>

<!-- City Names -->
<RulePackDef>
	<defName>XR_NamerSettlementElfCity</defName>
	<rulePack>
		<rulesStrings>
			<li>r_name->[ElfCityName]</li>
		</rulesStrings>
		<rulesFiles>
			<li>ElfCityName->Names/Elf_Cities</li>
		</rulesFiles>
	</rulePack>
</RulePackDef>

<!-- Name Utility -->
<RulePackDef>
	<defName>XR_NamerPersonElfUtility</defName>
	<rulePack>
		<rulesFiles>
			<li>Elven_First_Male->Names/Elf_First_Male</li>
			<li>Elven_First_Female->Names/Elf_First_Female</li>
			<li>Elven_Last->Names/Elf_Last</li>
		</rulesFiles>
	</rulePack>
</RulePackDef>

<!-- Male Elf Names -->
<RulePackDef>
	<defName>XR_NamerPersonElf</defName>
	<include>
		<li>XR_NamerPersonElfUtility</li>
    </include>
	<rulePack>
		<rulesStrings>
			<li>r_name(p=2)->[Elven_First_Male] [Elven_Last]</li>
		</rulesStrings>
	</rulePack>
</RulePackDef>

<!-- Female Elf Names -->
<RulePackDef>
	<defName>XR_NamerPersonElfFemale</defName>
	<include>
		<li>XR_NamerPersonElfUtility</li>
	</include>
	<rulePack>
		<rulesStrings>
			<li>r_name(p=2)->[Elven_First_Female] [Elven_Last]</li>
		</rulesStrings>
	</rulePack>
</RulePackDef>

<!-- Leader Elf Titles -->
<RulePackDef>
	<defName>XR_LeaderTitleMaker_Elf</defName>
	<rulePack>
		<rulesStrings>
			<li>r_leaderTitle->high king</li>
		</rulesStrings>
	</rulePack>
</RulePackDef>

</Defs>