<?xml version="1.0" encoding="utf-8" ?>

<Defs>

	<GeneDef>
		<defName>elfgene</defName>
		<label>elven physiology</label>
		<description>Genealogical profile of a Blessed.</description>
		<iconPath>Things/Genes/XR_Elf_Gene</iconPath>
		<displayCategory>Miscellaneous</displayCategory>
		<displayOrderInCategory>256</displayOrderInCategory>
		
		<biostatMet>6</biostatMet>
		
		<biologicalAgeTickFactorFromAgeCurve>
			<points>
				<li>(13, 1)</li>
				<li>(18.5, 0)</li>
			</points>
		</biologicalAgeTickFactorFromAgeCurve>
		
		<hediffGiversCannotGive>
			<li>Carcinoma</li>
			<li>HeartAttack</li>
			<li>BadBack</li>
			<li>Frail</li>
			<li>Cataract</li>
			<li>Dementia</li>
			<li>Alzheimers</li>
			<li>Asthma</li>
			<li>HeartArteryBlockage</li>
		</hediffGiversCannotGive>
	</GeneDef>

</Defs>