<?xml version="1.0" encoding="utf-8" ?>
<Defs>

	<XenotypeDef>
		<defName>XR_Elf</defName>
		<label>Blessed</label>
		<description>The Blessed are an arcane and enigmatic race, possessing immortal bodies immune to the effects of aging. They are tall and graceful, with pointed ears and delicate features that give them an ethereal appearance. Their forms are similar to baseliners, yet they possess an otherworldly beauty that captivates all who see them.</description>
		<descriptionShort>Elves</descriptionShort>
		<iconPath>Things/Xenotype/XR_Elf_Icon</iconPath>
		<inheritable>true</inheritable>
		<combatPowerFactor>2.0</combatPowerFactor>
		<genes>
			<li>elfgene</li>
			<li>Learning_Fast</li>
			<li>Aggression_DeadCalm</li>
			<li>Beauty_Beautiful</li>
			<li>Hair_LongOnly</li>
			<li>Beard_NoBeardOnly</li>
			<li>Ears_Pointed</li>
			<li>Body_Standard</li>
			<li>Hair_Blonde</li>
			<li>Hair_DarkSaturatedReddish</li>
			<li>Hair_InkBlack</li>
		</genes>
	</XenotypeDef>

</Defs>