<?xml version="1.0" encoding="utf-8"?>
<ModMetaData>
    <name>Elves of the Rim</name>
    <author>Bean</author>
    <packageId>bean.customxenotypes.elvesoftherim</packageId>
    <supportedVersions>
        <li>1.4</li>
        <li>1.5</li>
    </supportedVersions>
    <modDependencies>
        <li>
            <packageId>Ludeon.RimWorld.Biotech</packageId>
            <displayName>Biotech</displayName>
        </li>
    </modDependencies>
    <loadAfter>
        <li>Ludeon.RimWorld.Biotech</li>
    </loadAfter>
    <description>Elves in SPACE!</description>
</ModMetaData>